species,habitat
Engraulis ringens,Marine
Scomber japonicus,Marine
Trachurus murphyi,Marine
Odontesthes regia,Marine and freshwater
Sciaena deliciosa,Marine
Paralabrax callaensis,Marine
Ethmidium maculatum,Marine
Sarda chiliensis,Marine
Coryphaena hippurus,Marine
Imparfinis minutus,Freshwater
Rhamdia quelen,Freshwater
Astyanax bimaculatus,Freshwater
Trichomycterus brasiliensis,Freshwater
Roeboides xenodon,Freshwater
Knodus moenkhausii,Freshwater
Harttia leiopleura,Freshwater
Eigenmannia virescens,Freshwater
Megaleporinus sp08,Unknown
Pamphorichthys hollandi,Freshwater
Pimelodella vittata,Freshwater
Pimelodus pohli,Freshwater
Trachurus declivis,Marine
Pseudochalceus kyburzi,Freshwater
Dekeyseria pulchra,Freshwater
Tetrapturus georgii,Marine
Astyanax intermedius,Freshwater
Psalidodon parahybae,Freshwater
Gymnotus sylvius,Freshwater
Pareiorhina brachyrhyncha,Freshwater
Trichomycterus giganteus,Freshwater
Mimagoniates microlepis,Freshwater
Steindachnerina insculpta,Freshwater
Parodon nasus,Freshwater
Brycon hilarii,Freshwater
Characidium gomesi,Freshwater
Phenacorhamdia tenebrosa,Freshwater
Corumbataia cuestae,Freshwater
Clarias gariepinus,Freshwater
Hypostomus heraldoi,Freshwater
Hypostomus paulinus,Freshwater
Rhinolekos britskii,Freshwater
Rineloricaria latirostris,Freshwater
Pimelodus maculatus,Freshwater
Imparfinis mirini,Freshwater
Corydoras ehrhardti,Freshwater
Hypostomus myersi,Freshwater
Phalloceros harpagos,Freshwater
Hypostomus strigaticeps,Freshwater
Isbrueckerichthys saxicola,Freshwater
Lepidocybium flavobrunneum,Marine
Emblemariopsis signifer,Marine
Micropogonias furnieri,Marine
Dactylopterus volitans,Marine
Opisthonema oglinum,Marine
Bagre bagre,Marine
Selene setapinnis,Marine
Priacanthus arenatus,Marine
Ophidion holbrookii,Marine
Scomberomorus brasiliensis,Marine
Mugil liza,Marine and freshwater
Trichiurus lepturus,Marine
Nebris microps,Marine
Odontognathus mucronatus,Marine and freshwater
Peprilus paru,Marine
Stellifer rastrifer,Marine
Thunnus obesus,Marine
Thunnus maccoyii,Marine
Hisonotus armatus,Freshwater
Dormitator maculatus,Marine and freshwater
Piabina argentea,Freshwater
Nematocharax venustus,Freshwater
Steindachnerina conspersa,Freshwater
Genyatremus luteus,Marine
Holocentrus adscensionis,Marine
Diplectrum formosum,Marine
Moenkhausia aurantia,Freshwater
Cichla piquiti,Freshwater
Hyphessobrycon eques,Freshwater
Dissostichus eleginoides,Marine
Ophioblennius trinitatis,Marine
Abudefduf saxatilis,Marine
Stegastes rocasensis,Marine
Entomacrodus vomerinus,Marine
Coryphopterus glaucofraenum,Marine
Parapristella aubynei,Freshwater
Cyphocharax helleri,Freshwater
Prochilodus rubrotaeniatus,Freshwater
Hoplias macrophthalmus,Freshwater
Ageneiosus inermis,Freshwater
Serrasalmus hastatus,Freshwater
Serrasalmus rhombeus,Freshwater
Thunnus albacares,Marine
Halichoeres radiatus,Marine
Trachurus novaezelandiae,Marine
Selene brevoortii,Marine
Hisonotus laevior,Freshwater
Leporinus lacustris,Freshwater
Jupiaba polylepis,Freshwater
Rachoviscus crassiceps,Freshwater
Pangasianodon hypophthalmus,Freshwater
Pseudoplatystoma tigrinum,Freshwater
Osteoglossum bicirrhosum,Freshwater
Brachyplatystoma vaillantii,Freshwater
Neoplecostomus selenae,Freshwater
Leporinus piau,Freshwater
Pseudoplatystoma fasciatum,Freshwater
Auxis thazard,Marine
Thunnus tonggol,Marine
Conorhynchos conirostris,Freshwater
Mugil cephalus,Marine and freshwater
Gymnogeophagus gymnogenys,Freshwater
Colossoma macropomum,Freshwater
Thunnus alalunga,Marine
Panaque nigrolineatus,Freshwater
Creagrutus meridionalis,Freshwater
Istiophorus platypterus,Marine
Schizodon intermedius,Freshwater
Satanoperca pappaterra,Freshwater
Trichomycterus diabolus,Freshwater
Hisonotus francirochai,Freshwater
Astyanax ribeirae,Freshwater
Acestrorhynchus lacustris,Freshwater
Glandulocauda melanopleura,Freshwater
Metynnis maculatus,Freshwater
Sternopygus macrurus,Freshwater
Platanichthys platana,Freshwater
Psalidodon paranae,Freshwater
Astyanax scabripinnis,Freshwater
Catathyridium jenynsii,Freshwater
Laetacara araguaiae,Freshwater
Serrapinnus notomelas,Freshwater
Neoplecostomus paranensis,Freshwater
Neoplecostomus bandeirante,Freshwater
Cyphocharax naegelii,Freshwater
Brycon orbignyanus,Freshwater
Pseudoplatystoma corruscans,Freshwater
Pterygoplichthys anisitsi,Freshwater
Hypostomus derbyi,Freshwater
Hypostomus commersoni,Freshwater
Haemulon steindachneri,Marine
Anisotremus interruptus,Marine
Anisotremus virginicus,Marine
Mugil incilis,Marine
Fistularia petimba,Marine
Chaetodipterus faber,Marine
Urophycis brasiliensis,Marine
Cynoscion guatucupa,Marine
Dules auriga,Marine
Achirus lineatus,Marine
Atherinella brasiliensis,Marine
Hemicaranx amblyrhynchus,Marine
Pomatomus saltatrix,Marine
Oligoplites saliens,Marine
Mugil curema,Marine and freshwater
Cathorops spixii,Marine
Mugil hospes,Marine
Odontesthes argentinensis,Marine and freshwater
Geophagus itapicuruensis,Freshwater
Oncorhynchus mykiss,Marine and freshwater
Geophagus multiocellus,Freshwater
Centropomus parallelus,Marine and freshwater
Sorubim cuspicaudus,Freshwater
Ophioscion scierus,Marine
Bryconamericus turiuba,Freshwater
Pseudopimelodus schultzi,Freshwater
Pseudocorynopoma doriae,Freshwater
Moenkhausia bonita,Freshwater
Saccodon dariensis,Freshwater
Myleus setiger,Freshwater
Centropomus undecimalis,Marine and freshwater
Trachurus japonicus,Marine
Pimelodus microstoma,Freshwater
Sorubim lima,Freshwater
Prochilodus nigricans,Freshwater
Hisonotus leucofrenatus,Freshwater
Psectrogaster rutiloides,Freshwater
Apistogramma agassizii,Freshwater
Anchovia clupeoides,Marine
Hypostomus francisci,Freshwater
Hypostomus unae,Freshwater
Astyanax gisleni,Freshwater
Trinectes microphthalmus,Marine
Pimelodus yuma,Unknown
Sphoeroides testudineus,Marine
Tometes lebaili,Freshwater
Epinephelus itajara,Marine
Knodus heteresthes,Freshwater
Pterois russelii,Marine
Hypostomus annectens,Freshwater
Rhoadsia altipinna,Freshwater
Steatogenys duidae,Freshwater
Auxis rochei,Marine
Pimelodus grosskopfii,Freshwater
Imparfinis mishky,Freshwater
Schizolecis guntheri,Freshwater
Planiloricaria cryptodon,Freshwater
Rhomboplites aurorubens,Marine
Trichomycterus alternatus,Freshwater
Rhamphichthys marmoratus,Freshwater
Ocyurus chrysurus,Marine
Elacatinus pridisi,Marine
Curimata mivartii,Freshwater
Cynopoecilus melanotaenia,Freshwater
Sphoeroides greeleyi,Marine
Bujurquina zamorensis,Freshwater
Ochmacanthus alternus,Freshwater
Kronichthys heylandi,Freshwater
Guyanancistrus tenuis,Freshwater
Prochilodus lacustris,Freshwater
Lutjanus analis,Marine
Geophagus rufomarginatus,Freshwater
Apteronotus mariae,Freshwater
Curimatopsis myersi,Freshwater
Rachycentron canadum,Marine
Astronotus ocellatus,Freshwater
Hypostomus taphorni,Freshwater
Danio rerio,Freshwater
Geophagus megasema,Freshwater
Kryptolebias hermaphroditus,Freshwater
Hypopygus ortegai,Freshwater
Sphoeroides spengleri,Marine
Hoplosternum magdalenae,Freshwater
Awaous transandeanus,Freshwater
Caranx tille,Marine
Trichomycterus caudofasciatus,Freshwater
Cyprinus carpio,Freshwater
Scleromystax barbatus,Freshwater
Triportheus nematurus,Freshwater
Austrolebias nigrofasciatus,Freshwater
Mugil curvidens,Marine
Psalidodon fasciatus,Freshwater
Anchoviella lepidentostole,Marine and freshwater
Ctenopharyngodon idella,Freshwater
Salminus brasiliensis,Freshwater
Utiaritichthys longidorsalis,Freshwater
Bryconamericus exodon,Freshwater
Astyanax serratus,Freshwater
Pimelodella witmeri,Freshwater
Eucinostomus argenteus,Marine and freshwater
Eleotris pisonis,Marine and freshwater
Trichomycterus reinhardti,Freshwater
Bryconamericus lethostigmus,Unknown
Diodon holocanthus,Marine
Schizodon nasutus,Freshwater
Thunnus thynnus,Marine
Iheringichthys labrosus,Freshwater
Hypopygus lepturus,Freshwater
Hyphessobrycon pyrrhonotus,Freshwater
Loricariichthys platymetopon,Freshwater
Eucinostomus lefroyi,Marine
Oreochromis niloticus,Freshwater
Katsuwonus pelamis,Marine
Cookeolus japonicus,Marine
Aphanotorulus emarginatus,Unknown
Oligosarcus jenynsii,Freshwater
Trichomycterus immaculatus,Freshwater
Iniistius pavo,Marine
Lutjanus synagris,Marine
Phalloceros elachistos,Freshwater
Plagioscion auratus,Freshwater
Geophagus brasiliensis,Freshwater
Diapterus rhombeus,Marine
Centropomus viridis,Marine
Pristobrycon striolatus,Freshwater
Cynopoecilus nigrovittatus,Freshwater
Cichla kelberi,Freshwater
Geophagus altifrons,Freshwater
Haemulon aurolineatum,Marine
Euthynnus affinis,Marine
Myloplus nigrolineatus,Freshwater
Aequidens diadema,Freshwater
Brotula clarkae,Marine
Apistogramma barlowi,Freshwater
Pseudocurimata lineopunctata,Freshwater
Serrasalmus brandtii,Freshwater
Potamorhina latior,Freshwater
Selene vomer,Marine
Geophagus argyrostictus,Freshwater
Mugil brevirostris,Marine
Characidium zebra,Freshwater
Hemibrycon brevispini,Freshwater
Phaeoptyx pigmentaria,Marine
Lutjanus guttatus,Marine
Astroblepus mariae,Freshwater
Xyrichtys splendens,Marine
Caranx bartholomaei,Marine
Schizodon fasciatus,Freshwater
Delturus brevis,Freshwater
Bathygobius soporator,Marine and freshwater
Xiphophorus maculatus,Freshwater
Austrolebias wolterstorffi,Freshwater
Butis koilomatodon,Marine and freshwater
Brachyplatystoma juruense,Freshwater
Leporinus friderici,Freshwater
Parodon magdalenensis,Freshwater
Lutjanus argentiventris,Marine
Sarda sarda,Marine
Myloplus lobatus,Freshwater
Zungaro zungaro,Freshwater
Hirundichthys affinis,Marine
Prochilodus brevis,Freshwater
Brittanichthys axelrodi,Freshwater
Haemulon plumierii,Marine
Pterodoras granulosus,Freshwater
Sphyraena barracuda,Marine
Cynoscion virescens,Marine
Astyanax douradilho,Freshwater
Myloplus asterias,Freshwater
Steindachnerina atratoensis,Freshwater
Electrophorus electricus,Freshwater
Sphoeroides tyleri,Marine
Pseudupeneus maculatus,Marine
Micropogonias megalops,Marine
Kryptolebias ocellatus,Freshwater
Kajikia audax,Marine
Sternarchogiton preto,Freshwater
Selar crumenophthalmus,Marine
Pygocentrus piraya,Freshwater
Canthidermis maculata,Marine
Megaleporinus muyscorum,Freshwater
Crenicichla menezesi,Freshwater
Leporinus agassizii,Freshwater
Ageneiosus pardalis,Freshwater
Lophiodes caulinaris,Marine
Caranx sexfasciatus,Marine and freshwater
Akawaio penak,Freshwater
Knodus alpha,Unknown
Bathygobius geminatus,Marine
Cyphocharax spilurus,Freshwater
Piaractus brachypomus,Freshwater
Eucinostomus harengulus,Marine
Odontesthes humensis,Freshwater
Trichomycterus stawiarski,Freshwater
Cetengraulis edentulus,Marine
Bergiaria westermanni,Freshwater
Hippocampus reidi,Marine
Gymnotus paraguensis,Freshwater
Jupiaba acanthogaster,Freshwater
Apistogramma cinilabra,Freshwater
Lepophidium negropinna,Marine
Paralichthys woolmani,Marine
Macrodon ancylodon,Marine
Microsternarchus bilineatus,Freshwater
Girella laevifrons,Marine
Paralichthys brasiliensis,Marine
Acanthurus coeruleus,Marine
Metynnis lippincottianus,Freshwater
Microglanis cottoides,Freshwater
Anablepsoides cearensis,Freshwater
Phractocephalus hemioliopterus,Freshwater
Leporinus tigrinus,Freshwater
Menticirrhus martinicensis,Marine
Gymnotus inaequilabiatus,Freshwater
Trichopodus trichopterus,Freshwater
Scartichthys gigas,Marine
Hypophthalmichthys nobilis,Freshwater
Myloplus rubripinnis,Freshwater
Apteronotus albifrons,Freshwater
Cynoscion leiarchus,Marine
Apistogramma wolli,Freshwater
Stellifer brasiliensis,Marine
Cyanocharax uruguayensis,Freshwater
Satanoperca jurupari,Freshwater
Hemibrycon beni,Freshwater
Heros efasciatus,Freshwater
Pseudoplatystoma punctifer,Freshwater
Chaetostoma thomsoni,Freshwater
Monocirrhus polyacanthus,Freshwater
Ogcocephalus nasutus,Marine
Garra rufa,Freshwater
Chilodus punctatus,Freshwater
Metynnis luna,Freshwater
Astyanax microlepis,Freshwater
Prochilodus magdalenae,Freshwater
Apistogramma pertensis,Freshwater
Sphyraena ensis,Marine
Astroblepus chapmani,Freshwater
Hypostomus arecuta,Freshwater
Aspredo aspredo,Freshwater
Mugil rubrioculus,Marine
Odontesthes perugiae,Freshwater
Ituglanis boitata,Freshwater
Metynnis melanogrammus,Unknown
Pempheris schomburgkii,Marine
Centropomus medius,Marine and freshwater
Stellifer minor,Marine
Lobotes surinamensis,Marine
Ancistrus aguaboensis,Freshwater
Brachyplatystoma filamentosum,Freshwater
Serrasalmus gouldingi,Freshwater
Etropus ectenes,Marine
Auchenipterichthys longimanus,Freshwater
Eretmobrycon peruanus,Unknown
Brycon alburnus,Freshwater
Paralichthys adspersus,Marine
Characidium fasciatum,Freshwater
Chaetodon striatus,Marine
Apteronotus magdalenensis,Freshwater
Curimatopsis crypticus,Freshwater
Gymnorhamphichthys britskii,Freshwater
Cichlasoma orientale,Freshwater
Schizodon borellii,Freshwater
Crenicichla regani,Freshwater
Parotocinclus spilurus,Freshwater
Sphoeroides annulatus,Marine
Odontoscion dentex,Marine
Pygocentrus nattereri,Freshwater
Gymnotus pantanal,Freshwater
Brycon pesu,Freshwater
Amatitlania nigrofasciata,Freshwater
Stegastes variabilis,Marine
Hypostomus corantijni,Freshwater
Hippocampus ingens,Marine
Gymnotus carapo,Freshwater
Hemiodus unimaculatus,Freshwater
Apareiodon affinis,Freshwater
Halichoeres penrosei,Marine
Trachelyopterus striatulus,Freshwater
Megaleporinus obtusidens,Freshwater
Creagrutus magdalenae,Freshwater
Semaprochilodus insignis,Freshwater
Menticirrhus americanus,Marine
Myloplus zorroi,Freshwater
Ageneiosus lineatus,Unknown
Tympanopleura atronasus,Freshwater
Ageneiosus akamai,Unknown
Hypsolebias radiseriatus,Freshwater
Tometes camunani,Freshwater
Characidium caucanum,Freshwater
Tatia neivai,Freshwater
Crenicichla geayi,Freshwater
Orthopristis ruber,Marine
Platystacus cotylephorus,Freshwater
Imparfinis hasemani,Freshwater
Apistogramma eunotus,Freshwater
Poecilia reticulata,Freshwater
Bunocephalus coracoideus,Freshwater
Hypostomus brevicauda,Freshwater
Hypostomus wuchereri,Freshwater
Hypostomus auroguttatus,Freshwater
Australoheros acaroides,Freshwater
Brevoortia pectinata,Marine
Gymnotus mamiraua,Freshwater
Procerusternarchus pixuna,Freshwater
Stegastes pictus,Marine
Heptapterus mustelinus,Freshwater
Rhamphichthys hahni,Freshwater
Geophagus iporangensis,Freshwater
Sternarchorhynchus mormyrus,Freshwater
Trachelyopterus galeatus,Freshwater
Caranx crysos,Marine
Henonemus punctatus,Freshwater
Apistogramma eremnopyge,Freshwater
Hippoglossina macrops,Marine
Corynopoma riisei,Freshwater
Arapaima gigas,Freshwater
Hypostomus leucophaeus,Freshwater
Hypostomus velhochico,Unknown
Rhoadsia minor,Freshwater
Stomatepia mariae,Freshwater
Hypostomus pyrineusi,Freshwater
Imparfinis guttatus,Freshwater
Myloplus planquettei,Freshwater
Anableps anableps,Freshwater
Xiphias gladius,Marine
Pseudoplatystoma magdaleniatum,Freshwater
Cypselurus naresii,Marine
Devario chrysotaeniatus,Freshwater
Hypostomus plecostomus,Freshwater
Selene brownii,Marine
Apistogramma paulmuelleri,Freshwater
Corydoras loretoensis,Freshwater
Megaleporinus conirostris,Freshwater
Leporinus octofasciatus,Freshwater
Aequidens tetramerus,Freshwater
Leporinus striatus,Freshwater
Sardinella aurita,Marine
Odontesthes bonariensis,Marine and freshwater
Elacatinus figaro,Marine
Hypostomus hemicochliodon,Freshwater
Isacia conceptionis,Marine
Mylossoma duriventre,Freshwater
Pygopristis denticulata,Freshwater
Micropogonias altipinnis,Marine
Pseudocorynopoma heterandria,Freshwater
Hypostomus carinatus,Freshwater
Ageneiosus ucayalensis,Freshwater
Mycteroperca xenarcha,Marine
Trichomycterus anaisae,Unknown
Decapterus punctatus,Marine
Astroblepus curitiensis,Unknown
Moema peruensis,Unknown
Lepidonectes corallicola,Marine
Rhamdia eurycephala,Unknown
Hyporthodus niphobles,Marine
Cubiceps pauciradiatus,Marine
Bivibranchia fowleri,Freshwater
Hypomasticus mormyrops,Freshwater
Pterosturisoma microps,Freshwater
Trichomycterus luetkeni,Unknown
Hoplias malabaricus,Freshwater
Hyphessobrycon bentosi,Freshwater
Brycon melanopterus,Freshwater
Psectrogaster amazonica,Freshwater
Pomacanthus paru,Marine
Sorubimichthys planiceps,Freshwater
Hemibrycon jabonero,Freshwater
Ageneiosus militaris,Freshwater
Cynopoecilus intimus,Freshwater
Aguarunichthys torosus,Freshwater
Diodon hystrix,Marine
Eucinostomus gula,Marine and freshwater
Chromis atrilobata,Marine
Loricariichthys castaneus,Freshwater
Haemulon steindachneri,Marine
Megaleporinus elongatus,Freshwater
Mesonauta festivus,Freshwater
Brycon henni,Freshwater
Hemiodus thayeria,Freshwater
Microlepidogaster longicolla,Freshwater
Astroblepus verai,Unknown
Pimelodus ornatus,Freshwater
Cynoscion microlepidotus,Marine
Hypophthalmus oremaculatus,Freshwater
Stegastes fuscus,Marine
Rhamdia gabrielae,Unknown
Diapoma speculiferum,Freshwater
Astyanax laticeps,Freshwater
Diplectrum bivittatum,Marine
Peprilus medius,Marine
Poecilia latipinna,Marine and freshwater
Paranthias colonus,Marine
Haemulopsis corvinaeformis,Marine and freshwater
Prionotus stephanophrys,Marine
Retroculus xinguensis,Freshwater
Serrasalmus cariba,Unknown
Oligosarcus hepsetus,Freshwater
Trachelyopterus insignis,Freshwater
Brevoortia aurea,Marine
Achirus achirus,Marine and freshwater
Pinirampus pirinampu,Freshwater
Cichla mirianae,Freshwater
Crenuchus spilurus,Freshwater
Trichomycterus sandovali,Freshwater
Cetopsorhamdia iheringi,Freshwater
Eretmobrycon emperador,Unknown
Oreochromis aureus,Freshwater
Pellona castelnaeana,Freshwater
Heteropriacanthus cruentatus,Marine
Sarda orientalis,Marine
Serrasalmus altispinis,Freshwater
Tometes kranponhah,Freshwater
Caranx hippos,Marine
Malacoctenus triangulatus,Marine
Bryconamericus caldasi,Freshwater
Anisotremus scapularis,Marine
Brachyhypopomus occidentalis,Freshwater
Eleotris picta,Freshwater
Apionichthys dumerili,Marine and freshwater
Pimelodella dorseyi,Freshwater
Ageneiosus intrusus,Unknown
Bothus pantherinus,Marine
Merluccius gayi,Marine
Astyanax dissimilis,Freshwater
Hypostomus ancistroides,Freshwater
Zungaro jahu,Freshwater
Hemiodus tocantinensis,Freshwater
Creagrutus caucanus,Freshwater
Caquetaia spectabilis,Freshwater
Rineloricaria steinbachi,Unknown
Pterois volitans,Marine
Batrochoglanis raninus,Freshwater
Corydoras nattereri,Freshwater
Mylossoma aureum,Freshwater
Mylesinus paraschomburgkii,Freshwater
Geophagus surinamensis,Freshwater
Australoheros facetus,Freshwater
Hypostomus alatus,Freshwater
Megaleporinus reinhardti,Freshwater
Pterygoplichthys etentaculatus,Freshwater
Hemigrammus pulcher,Freshwater
Pseudolithoxus anthrax,Freshwater
Brycon opalinus,Freshwater
Brycon insignis,Freshwater
Cyphocharax modestus,Freshwater
Apareiodon piracicabae,Freshwater
Hypostomus hermanni,Freshwater
Trichomycterus vermiculatus,Freshwater
Hypostomus microstomus,Freshwater
Synbranchus marmoratus,Freshwater
Pseudotothyris obtusa,Freshwater
Tetrapturus angustirostris,Marine
Ctenogobius sagittula,Marine
Ruvettus pretiosus,Marine
Paralonchurus brasiliensis,Marine
Tylosurus acus,Marine
Larimus breviceps,Marine
Trachinocephalus myops,Marine
Serrasalmus manueli,Freshwater
Asterophysus batrachus,Freshwater
Enneanectes altivelis,Marine
Triportheus rotundatus,Freshwater
Loricariichthys maculatus,Freshwater
Oreochromis urolepis,Freshwater
Diapoma itaimbe,Freshwater
Oreochromis mossambicus,Freshwater
Selene peruviana,Marine
Neoplecostomus microps,Freshwater
Pseudoplatystoma reticulatum,Freshwater
Astyanax lacustris,Freshwater
Leporinus obtusidens,Freshwater
Salminus hilarii,Freshwater
Trichomycterus sp5,Unknown
Corydoras aeneus,Freshwater
Serrasalmus maculatus,Freshwater
Pareiorhina rudolphi,Freshwater
Pomadasys panamensis,Marine
Haemulopsis elongatus,Marine
Anisotremus moricandi,Marine
Lepomis gibbosus,Freshwater
Etropus crossotus,Marine
Aspistor luniscutis,Marine and freshwater
Caranx latus,Marine and freshwater
Citharichthys spilopterus,Marine and freshwater
Seriola zonata,Marine
Trachinotus carolinus,Marine
Trachinotus goodei,Marine
Trichomycterus chapmani,Freshwater
Laemolyta taeniata,Freshwater
Piaractus mesopotamicus,Freshwater
Phalloceros reisi,Freshwater
Serrasalmus marginatus,Freshwater
Gilbertolus atratoensis,Freshwater
Anchoviella cayennensis,Marine
Hemibrycon jelskii,Freshwater
Andinoacara latifrons,Freshwater
Australoheros ipatinguensis,Freshwater
Archolaemus blax,Freshwater
Farlowella henriquei,Freshwater
Sternarchorhamphus muelleri,Freshwater
Sternopygus arenatus,Freshwater
Hemisorubim platyrhynchos,Freshwater
Peprilus xanthurus,Marine
Steindachnerina brevipinna,Freshwater
Leporinus bahiensis,Freshwater
Geophagus diamantinensis,Freshwater
Geophagus santosi,Freshwater
Hypostomus jaguar,Freshwater
Vinciguerria lucetia,Marine
Roeboides dayi,Freshwater
Polydactylus virginicus,Marine
Hypostomus weberi,Freshwater
Apteronotus eschmeyeri,Freshwater
Gymnotus choco,Freshwater
Sparisoma radians,Marine
Trichomycterus maculosus,Freshwater
Lycengraulis grossidens,Marine and freshwater
Oligosarcus argenteus,Freshwater
Auchenipterus dentatus,Freshwater
Leporinus piavussu,Freshwater
Scorpiodoras heckelii,Freshwater
Characidium sanctjohanni,Freshwater
Astyanax henseli,Freshwater
Andinoacara rivulatus,Freshwater
Megaleporinus macrocephalus,Freshwater
Ageneiosus uranophthalmus,Freshwater
Hypostomus holostictus,Freshwater
Coelorinchus canus,Marine
Hypostomus paranensis,Freshwater
Tetragonopterus argenteus,Freshwater
Piabarchus stramineus,Freshwater
Cyprinus pellegrini,Freshwater
Genidens genidens,Marine
Myleus micans,Freshwater
Alectis ciliaris,Marine
Brycon orthotaenia,Freshwater
Paraclinus spectator,Marine
Aequidens epae,Freshwater
Trichomycterus uisae,Freshwater
Sternarchogiton porcinum,Freshwater
Trichomycterus nigroauratus,Freshwater
Paralabrax humeralis,Marine
Characidium phoxocephalum,Freshwater
Schizodon knerii,Freshwater
Hyphessobrycon peruvianus,Freshwater
Hoplias brasiliensis,Freshwater
Nemadoras humeralis,Freshwater
Hemibrycon boquiae,Freshwater
Hypophthalmus edentatus,Freshwater
Monolene maculipinna,Marine
Hypostomus uruguayensis,Freshwater
Centromochlus heckelii,Freshwater
Astyanax taeniatus,Freshwater
Eleotris perniger,Freshwater
Hypostomus watwata,Freshwater
Conodon nobilis,Marine
Stegastes beebei,Marine
Leporinus steindachneri,Freshwater
Characidium chancoense,Unknown
Sparisoma rubripinne,Marine
Psalidodon bifasciatus,Freshwater
Retroculus lapidifer,Freshwater
Geophagus steindachneri,Freshwater
Pimelodus blochii,Freshwater
Synchiropus atrilabiatus,Marine
Kronichthys lacerta,Freshwater
Astroblepus nicefori,Freshwater
Hoplias mbigua,Freshwater
Stromateus stellatus,Marine
Hasemania hanseni,Freshwater
Menticirrhus ophicephalus,Marine
Seriola rivoliana,Marine
Balistes capriscus,Marine
Brycon nattereri,Freshwater
Hirundichthys coromandelensis,Marine
Psectrogaster curviventris,Freshwater
Compsaraia samueli,Freshwater
Laemolyta proxima,Freshwater
Bryconamericus multiradiatus,Freshwater
Hypostomus variipictus,Freshwater
Cyphocharax gilbert,Freshwater
Eigenmannia macrops,Freshwater
Apteronotus caudimaculosus,Freshwater
Serrivomer sector,Marine
Tympanopleura longipinna,Freshwater
Characidium pterostictum,Freshwater
Amaralia hypsiura,Freshwater
Rypticus randalli,Marine
Orthosternarchus tamandua,Freshwater
Bryconamericus tenuis,Freshwater
Psalidodon bockmanni,Freshwater
Sternarchella orthos,Freshwater
Cheilodactylus variegatus,Marine
Pterygoplichthys chrysostiktos,Unknown
Australoheros ribeirae,Freshwater
Peprilus crenulatus,Marine
Brachyhypopomus bombilla,Freshwater
Brachyplatystoma rousseauxii,Freshwater
Apistogramma baenschi,Freshwater
Tympanopleura rondoni,Freshwater
Trichomycterus banneaui,Freshwater
Serrasalmus gibbus,Freshwater
Cynoscion acoupa,Marine and freshwater
Hypostomus scabriceps,Freshwater
Mycteroperca bonaci,Marine
Trichopodus leerii,Freshwater
Laemolyta fernandezi,Freshwater
Oligosarcus robustus,Freshwater
Scomber australasicus,Marine
Anostomoides atrianalis,Freshwater
Hypostomus plecostomoides,Freshwater
Scomber colias,Marine
Bryconamericus caucanus,Freshwater
Serrasalmus spilopleura,Freshwater
Gymnothorax vicinus,Marine
Apteronotus galvisi,Freshwater
Moema hellneri,Freshwater
Neoplecostomus yapo,Freshwater
Cynoscion phoxocephalus,Marine
Bryconamericus ikaa,Freshwater
Corydoras axelrodi,Freshwater
Echeneis naucrates,Marine
Mylesinus paucisquamatus,Freshwater
Symphurus ginsburgi,Marine
Psalidodon dissensus,Freshwater
Leptodoras hasemani,Freshwater
Bryconamericus cismontanus,Freshwater
Cypselurus oligolepis,Marine
Sternarchogiton labiatus,Freshwater
Creagrutus brevipinnis,Freshwater
Hypostomus ericae,Freshwater
Hypostomus pusarum,Freshwater
Cichla orinocensis,Freshwater
Argopleura magdalenensis,Freshwater
Apteronotus anu,Unknown
Sternarchorhynchus goeldii,Freshwater
Bunocephalus aloikae,Freshwater
Cyphocharax voga,Freshwater
Astyanax pirapuan,Freshwater
Haemulon bonariense,Marine
Anisotremus taeniatus,Marine
Bathygobius lineatus,Marine
Neoplecostomus ribeirensis,Freshwater
Deuterodon pedri,Freshwater
Pimelodella modesta,Freshwater
Trichomycterus septemradiatus,Unknown
Cypselurus poecilopterus,Marine
Prochilodus argenteus,Freshwater
Ageneiosus dentatus,Unknown
Knodus breviceps,Freshwater
Lagocephalus laevigatus,Marine
Sarotherodon lohbergeri,Freshwater
Brycon falcatus,Freshwater
Brycon moorei,Freshwater
Sarotherodon linnellii,Freshwater
Pungu maclareni,Freshwater
Ogcocephalus vespertilio,Marine
Serrapinnus heterodon,Freshwater
Ogcocephalus declivirostris,Marine
Odontesthes smitti,Freshwater
Hemibrycon caucanus,Unknown
Leporinus jatuncochi,Freshwater
Hypostomus nigromaculatus,Freshwater
Metynnis cuiaba,Freshwater
Poecilia formosa,Freshwater
Serrasalmus compressus,Freshwater
Albula vulpes,Marine
Atlantirivulus santensis,Freshwater
Harttia gracilis,Freshwater
Heptapterus multiradiatus,Freshwater
Poecilia vivipara,Freshwater
Platystomatichthys sturio,Freshwater
Mikrogeophagus ramirezi,Freshwater
Pseudauchenipterus nodosus,Freshwater
Crenicichla saxatilis,Freshwater
Erythrinus erythrinus,Freshwater
Aspidoras fuscoguttatus,Freshwater
Astyanax abramis,Freshwater
Paranthias furcifer,Marine
Scorpaena plumieri,Marine
Gymnotus jonasi,Freshwater
Cephalopholis fulva,Marine
Coptodon rendalli,Freshwater
Rhamdia branneri,Freshwater
Rhamdia guatemalensis,Freshwater
Ichthyoelephas longirostris,Freshwater
Hemibrycon palomae,Freshwater
Merluccius productus,Marine
Leporinus paranensis,Freshwater
Cynoscion jamaicensis,Marine
Psalidodon rivularis,Freshwater
Oligosarcus brevioris,Freshwater
Chromis alta,Marine
Serrasalmus serrulatus,Freshwater
Pareiorhaphis stephanus,Freshwater
Steatogenys elegans,Freshwater
Henochilus wheatlandii,Freshwater
Potamorhina altamazonica,Freshwater
Malacoctenus delalandii,Marine
Trichomycterus albinotatus,Freshwater
Peckoltia sabaji,Freshwater
Myloplus rhomboidalis,Freshwater
Schizodon vittatus,Freshwater
Moenkhausia agnesae,Freshwater
Sphoeroides dorsalis,Marine
Cynoscion analis,Marine
Anostomoides laticeps,Freshwater
Astyanax cremnobates,Freshwater
Epinephelus quinquefasciatus,Marine
Metynnis guaporensis,Freshwater
Cetopsorhamdia nasus,Freshwater
Hypostomus formosae,Unknown
Halichoeres poeyi,Marine
Seriolella violacea,Marine
Ancistrus hoplogenys,Freshwater
Auchenipterus osteomystax,Freshwater
Metynnis fasciatus,Freshwater
Eucinostomus melanopterus,Marine and freshwater
Oxydoras niger,Freshwater
Wertheimeria maculata,Freshwater
Simpsonichthys constanciae,Freshwater
Ageneiosus vittatus,Freshwater
Ageneiosus polystictus,Freshwater
Lasiancistrus schomburgkii,Freshwater
Hypostomus boulengeri,Freshwater
Apistogramma atahualpa,Freshwater
Gymnotus obscurus,Freshwater
Rhamdia laukidi,Freshwater
Brachyplatystoma capapretum,Freshwater
Brachyhypopomus batesi,Freshwater
Porotergus gimbeli,Freshwater
Phenacorhamdia boliviana,Freshwater
Hyphessobrycon socolofi,Freshwater
Caquetaia kraussii,Freshwater
Xyrichtys novacula,Marine
Gilbertolus alatus,Freshwater
Megalonema platanum,Freshwater
Apistogramma rositae,Freshwater
Oligosarcus solitarius,Freshwater
Paracheirodon simulans,Freshwater
Brycon amazonicus,Freshwater
Diplectrum pacificum,Marine
Hyporthodus niveatus,Marine
Megaleporinus piavussu,Freshwater
Trichomycterus caliensis,Freshwater
Chloroscombrus chrysurus,Marine
Plagioscion squamosissimus,Freshwater
Syacium papillosum,Marine
Megalodoras uranoscopus,Freshwater
Dermatolepis dermatolepis,Marine
Hassar orestis,Freshwater
Hypostomus margaritifer,Freshwater
Laemolyta garmani,Freshwater
Cantherhines pullus,Marine
Anisotremus surinamensis,Marine
Anchoviella brevirostris,Marine
Laimosemion rectocaudatus,Freshwater
Psalidodon xavante,Freshwater
Lasiancistrus caucanus,Freshwater
Prochilodus costatus,Freshwater
Geophagus proximus,Freshwater
Eugerres brasilianus,Marine
Hyphessobrycon micropterus,Freshwater
Astyanax goyacensis,Freshwater
Tympanopleura brevis,Freshwater
Lophiosilurus alexandri,Freshwater
Planaltina myersi,Freshwater
Phalloceros uai,Freshwater
Crenicichla britskii,Freshwater
Trichomycterus iheringi,Freshwater
Coryphopterus urospilus,Marine
Synodus sechurae,Marine
Crenicichla acutirostris,Freshwater
Thalassoma purpureum,Marine
Apogon americanus,Marine
Labrisomus nuchipinnis,Marine
Charax gibbosus,Freshwater
Fonchiiloricaria nanodon,Freshwater
Steindachneridion parahybae,Freshwater
Creagrutus paraguayensis,Freshwater
Lutjanus jocu,Marine and freshwater
Kajikia albida,Marine
Trichomycterus sp1,Unknown
Trichomycterus sp2,Unknown
Leporinus amblyrhynchus,Freshwater
Astyanax biotae,Freshwater
Cheirodon stenodon,Freshwater
Neoplecostomus langeanii,Freshwater
Microglanis garavelloi,Freshwater
Thalassoma noronhanum,Marine
Paralichthys patagonicus,Marine
Haemulon parra,Marine
Galeichthys peruvianus,Marine
Geophagus pellegrini,Freshwater
Astroblepus unifasciatus,Freshwater
Cherublemma emmelas,Marine
Oligosarcus acutirostris,Freshwater
Moenkhausia intermedia,Freshwater
Curimata inornata,Freshwater
Syacium micrurum,Marine
Callichthys callichthys,Freshwater
Hyphessobrycon copelandi,Freshwater
Steindachneridion scriptum,Freshwater
Poecilia sphenops,Freshwater
Cynodonichthys magdalenae,Freshwater
Pogonopoma wertheimeri,Freshwater
Cetopsorhamdia orinoco,Freshwater
Pimelodus punctatus,Freshwater
Chaetostoma joropo,Freshwater
Megaleporinus trifasciatus,Freshwater
Centropomus robalito,Marine
Schizodon dissimilis,Freshwater
Spatuloricaria gymnogaster,Freshwater
Hoplias misionera,Unknown
Pimelodella parnahybae,Freshwater
Nannostomus beckfordi,Freshwater
Crenicichla lacustris,Freshwater
Cyphocharax magdalenae,Freshwater
Hemibrycon metae,Freshwater
Creagrutus affinis,Freshwater
Hoplias intermedius,Freshwater
Carangoides otrynter,Marine
Serrasalmus elongatus,Freshwater
Farlowella nattereri,Freshwater
Corydoras agassizii,Freshwater
Chromis crusma,Marine
Oligosarcus jacuiensis,Freshwater
Astroblepus longifilis,Freshwater
Apareiodon ibitiensis,Freshwater
Pimelodella lateristriga,Freshwater
Hemibrycon antioquiae,Freshwater
Trichopodus microlepis,Freshwater
Rhamdia voulezi,Freshwater
Curimatella dorsalis,Freshwater
Nemichthys scolopaceus,Marine
Hypostomus luetkeni,Freshwater
Hyphessobrycon rosaceus,Freshwater
Mesonauta mirificus,Freshwater
Hyphessobrycon cantoi,Unknown
Moenkhausia hemigrammoides,Freshwater
Delturus angulicauda,Freshwater
Hypostomus affinis,Freshwater
Curimatella lepidura,Freshwater
Hollandichthys multifasciatus,Freshwater
Halichoeres notospilus,Marine
Girella freminvillii,Marine
Chromis multilineata,Marine
Myxodagnus opercularis,Marine
Pristobrycon calmoni,Freshwater
Hemigrammus boesemani,Freshwater
Roeboides descalvadensis,Freshwater
Cyphocharax vanderi,Freshwater
Hypostomus regani,Freshwater
Oreochromis niloticus,Freshwater
Apteronotus bonapartii,Freshwater
Eigenmannia humboldtii,Freshwater
Parapteronotus hasemani,Freshwater
Abudefduf taurus,Marine
Roeboides margareteae,Freshwater
Crenicichla sp,Unknown
Odontostilbe splendida,Freshwater
Auchenipterus ambyiacus,Freshwater
Metynnis polystictus,Freshwater
Sparisoma viride,Marine
Trichomycterus striatus,Freshwater
Astroblepus micrescens,Freshwater
Metynnis mola,Freshwater
Tympanopleura piperatus,Unknown
Astyanax festae,Freshwater
Parotocinclus maculicauda,Freshwater
Psenes arafurensis,Marine
Astyanax hastatus,Freshwater
Ossubtus xinguense,Freshwater
Trichomycterus pradensis,Freshwater
Cyprinus carpio,Freshwater
Bunocephalus verrucosus,Freshwater
Ctenopharyngodon idellus,Freshwater
Hisonotus depressicauda,Freshwater
Hemibrycon raqueliae,Freshwater
Salminus franciscanus,Freshwater
Steindachnerina notonota,Freshwater
Gobiomorus maculatus,Freshwater
Eigenmannia vicentespelaea,Freshwater
Hyphessobrycon bifasciatus,Freshwater
Tilapia rendalli,Freshwater
Panaqolus maccus,Freshwater
Bryconops affinis,Freshwater
Hypseleotris compressa,Freshwater
Osteoglossum ferreirai,Freshwater
Hyphessobrycon flammeus,Freshwater
Lophiobrycon weitzmani,Freshwater
Characidium oiticicai,Freshwater
Hypostomus topavae,Freshwater
Hypostomus cochliodon,Freshwater
Bodianus diplotaenia,Marine
Liopropoma longilepis,Marine
Muraena lentiginosa,Marine
Gymnothorax ocellatus,Marine
Mycteroperca acutirostris,Marine
Elacatinus phthirophagus,Marine
Oncorhynchus chrysogaster,Freshwater
Andinoacara pulcher,Freshwater
Bothus leopardinus,Marine
Malacoctenus zonogaster,Marine
Pellona flavipinnis,Freshwater
Moenkhausia oligolepis,Freshwater
Nematistius pectoralis,Marine
Psellogrammus kennedyi,Freshwater
Pyrrhulina australis,Freshwater
Crenicichla niederleinii,Freshwater
Hyphessobrycon balbus,Freshwater
Bryconamericus iheringii,Freshwater
Haemulon scudderii,Marine
Conodon serrifer,Marine
Ctenosciaena gracilicirrhus,Marine
Paralichthys isosceles,Marine
Hyphessobrycon heterorhabdus,Freshwater
Myloplus lucienae,Freshwater
Cyprinus multitaeniata,Freshwater
Psectrogaster rhomboides,Freshwater
Astyanax venezuelae,Freshwater
Pterygoplichthys joselimaianus,Freshwater
Acanthurus chirurgus,Marine
Brycon gouldingi,Freshwater
Trachelyopterus coriaceus,Freshwater
Astroblepus guentheri,Freshwater
Corumbataia britskii,Freshwater
Rineloricaria jubata,Freshwater
Epalzeorhynchos bicolor,Freshwater
Hyphessobrycon epicharis,Freshwater
Acnodon senai,Freshwater
Peprilus snyderi,Marine
Sternopygus aequilabiatus,Freshwater
Triportheus signatus,Freshwater
Hyphessobrycon luetkenii,Freshwater
Psalidodon marionae,Freshwater
Novaculichthys taeniourus,Marine
Simpsonichthys boitonei,Freshwater
Leporinus taeniatus,Freshwater
Pachypops fourcroi,Freshwater
Hypostomus meleagris,Freshwater
Parastremma sadina,Freshwater
Metynnis hypsauchen,Freshwater
Poecilia mexicana,Freshwater
Galeocharax knerii,Freshwater
Trichomycterus guacamayoensis,Unknown
Knodus borki,Freshwater
Astyanax vermilion,Freshwater
Pareques acuminatus,Marine
Larimus acclivis,Marine
Hyphessobrycon sweglesi,Freshwater
Brachyplatystoma tigrinum,Freshwater
Stellifer stellifer,Marine
Astyanax hamatilis,Freshwater
Knodus meridae,Freshwater
Genidens barbus,Marine
Hoplosternum littorale,Freshwater
Prionotus punctatus,Marine
Astyanax burgerai,Freshwater
Apistogramma bitaeniata,Freshwater
Prochilodus lineatus,Freshwater
Pseudopimelodus bufonius,Freshwater
Bryconamericus ornaticeps,Freshwater
Pimelodella meeki,Freshwater
Hyphessobrycon erythrostigma,Freshwater
Chalceus macrolepidotus,Freshwater
Deuterodon iguape,Freshwater
Trichomycterus maracaya,Freshwater
Baryancistrus niveatus,Freshwater
Hassar affinis,Freshwater
Prochilodus vimboides,Freshwater
Astyanax metae,Freshwater
Pristella maxillaris,Freshwater
Astyanax jordani,Freshwater
Hemibrycon plutarcoi,Unknown
Sciades couma,Freshwater
Gymnotus pantherinus,Freshwater
Deuterodon langei,Freshwater
Taractes rubescens,Marine
Trachurus picturatus,Marine
Chaetostoma leucomelas,Freshwater
Ancistrus dolichopterus,Freshwater
Creagrutus atrisignum,Freshwater
Equetus punctatus,Marine
Megalancistrus parananus,Freshwater
Prochilodus mariae,Freshwater
Lutjanus purpureus,Marine
Bathygobius mystacium,Marine
Diplectrum radiale,Marine
Stellifer chrysoleuca,Marine
Roeboides sazimai,Freshwater
Harengula clupeola,Marine
Salminus affinis,Freshwater
Moenkhausia sanctaefilomenae,Freshwater
Chaetostoma chimu,Unknown
Hemibrycon huambonicus,Freshwater
Diapoma alegretense,Freshwater
Thalassophryne amazonica,Freshwater
Apistogramma hippolytae,Freshwater
Triportheus albus,Freshwater
Creagrutus taphorni,Freshwater
Characidium dule,Unknown
Acanthodoras cataphractus,Freshwater
Steindachnerina elegans,Freshwater
Hypostomus hoplonites,Freshwater
Eigenmannia trilineata,Freshwater
Franciscodoras marmoratus,Freshwater
Corydoras difluviatilis,Freshwater
Pomacanthus zonipectus,Marine
Harttia loricariformis,Freshwater
Brachyplatystoma platynemum,Freshwater
Proloricaria prolixa,Freshwater
Microglanis leptostriatus,Freshwater
Psalidodon gymnogenys,Freshwater
Eucinostomus jonesii,Marine
Doratonotus megalepis,Marine
Imparfinis borodini,Freshwater
Thalassoma genivittatum,Marine
Phenacorhamdia unifasciata,Freshwater
Astroblepus chotae,Freshwater
Brycon rubricauda,Freshwater
Cynodon gibbus,Freshwater
Trachinotus paitensis,Marine
Decodon melasma,Marine
Spatuloricaria terracanticum,Marine
Lobotes pacificus,Marine
Apistogramma cacatuoides,Freshwater
Characidium schubarti,Freshwater
Hysteronotus megalostomus,Freshwater
Cichla temensis,Freshwater
Oncorhynchus mykiss,Marine and freshwater
Serrapinnus sp1,Unknown
Pontinus sierra,Marine
Equetus lanceolatus,Marine
Characidium etheostoma,Freshwater
Pristigenys serrula,Marine
Rhamphichthys lineatus,Freshwater
Acestrorhynchus pantaneiro,Freshwater
Starksia galapagensis,Marine
Makaira nigricans,Marine
Geophagus obscurus,Freshwater
Porichthys porosissimus,Marine
Diapterus auratus,Marine
Chaetobranchopsis orbicularis,Freshwater
Sphoeroides parvus,Marine
Halichoeres dimidiatus,Marine
Hemiodus vorderwinkleri,Freshwater
Cantherhines pardalis,Marine
Triportheus magdalenae,Freshwater
Leporinus copelandii,Freshwater
Thalassoma lutescens,Marine
Trachydoras paraguayensis,Freshwater
Triphoturus mexicanus,Marine
Semaprochilodus kneri,Freshwater
Adontosternarchus clarkae,Freshwater
Acarichthys heckelii,Freshwater
Leporinus affinis,Freshwater
Chilara taylori,Marine
Mycteroperca olfax,Marine
Archosargus rhomboidalis,Marine
Colomesus asellus,Freshwater
Rineloricaria pentamaculata,Freshwater
Pseudotocinclus tietensis,Freshwater
Melanocetus johnsonii,Marine
Brachyhypopomus pinnicaudatus,Freshwater
Hirundichthys speculiger,Marine
Symphurus fasciolaris,Marine
Nexilosus latifrons,Marine
Bagre marinus,Marine
Pseudostegophilus paulensis,Freshwater
Stygichthys typhlops,Freshwater
Isopisthus parvipinnis,Marine
Curculionichthys insperatus,Freshwater
Paralonchurus peruanus,Marine
Brachyhypopomus beebei,Freshwater
Halichoeres dispilus,Marine
Bodianus eclancheri,Marine
Diplodus argenteus,Marine
Cetopsorhamdia picklei,Freshwater
Brachyhypopomus walteri,Freshwater
Astyanax minor,Freshwater
Hypostomus vaillanti,Freshwater
Opisthonema libertate,Marine
Aluterus monoceros,Marine
Psalidodon pampa,Freshwater
Gobiesox barbatulus,Marine
Moenkhausia costae,Freshwater
Thunnus orientalis,Marine
Moenkhausia cosmops,Freshwater
Chaetostoma dorsale,Freshwater
Oligosarcus macrolepis,Freshwater
Tometes ancylorhynchus,Freshwater
Panaque titan,Freshwater
Anadoras weddellii,Freshwater
Serrasalmus eigenmanni,Freshwater
Gymnocorymbus ternetzi,Freshwater
Astronotus crassipinnis,Freshwater
Opisthonema medirastre,Marine
Catoprion mento,Freshwater
Psalidodon schubarti,Freshwater
Corvula macrops,Marine
Astyanax aeneus,Freshwater
Oligosarcus pintoi,Freshwater
Aphyocharax dentatus,Freshwater
Megalechis thoracata,Freshwater
Hypostomus albopunctatus,Freshwater
Anablepsoides speciosus,Freshwater
Chilomycterus spinosus,Marine
Odontostilbe pequira,Freshwater
Australoheros angiru,Freshwater
Leporinus fasciatus,Freshwater
Dajaus monticola,Marine and freshwater
Delturus carinotus,Freshwater
Hyphessobrycon santae,Freshwater
Dekeyseria scaphirhyncha,Freshwater
Melanorivulus apiamici,Freshwater
Schizodon scotorhabdotus,Freshwater
Rineloricaria eigenmanni,Freshwater
Scartichthys viridis,Marine
Albula goreensis,Marine
Anadoras grypus,Freshwater
Serrapinnus kriegi,Freshwater
Hypostomus johnii,Freshwater
Astroblepus ardiladuartei,Freshwater
Isopisthus remifer,Marine
Epinephelus labriformis,Marine
Micropogonias ectenes,Marine
Hypophthalmichthys molitrix,Freshwater
Trichogenes longipinnis,Freshwater
Megalonema platycephalum,Freshwater
Xyrichtys nov,Unknown
Ophichthus zophochir,Marine
Pimelodus pantaneiro,Freshwater
Bunocephalus amaurus,Freshwater
Deuterodon supparis,Freshwater
Acinocheirodon melanogramma,Freshwater
Astyanax daguae,Freshwater
Ituglanis goya,Freshwater
Kyphosus vaigiensis,Marine
Bryconamericus ecai,Freshwater
Diplodus bermudensis,Marine
Gymnorhamphichthys rondoni,Freshwater
Austrolebias arachan,Freshwater
Archosargus probatocephalus,Marine
Otothyropsis marapoama,Freshwater
Brycon ferox,Freshwater
Symphysodon aequifasciatus,Freshwater
Poecilia caucana,Freshwater
Hemilutjanus macrophthalmos,Marine
Cichla monoculus,Freshwater
Stellifer naso,Marine
Genypterus brasiliensis,Marine
Corydoras oiapoquensis,Freshwater
Leporinus macrocephalus,Freshwater
Crenicichla lepidota,Freshwater
Piabucus dentatus,Freshwater
Sphyraena jello,Marine
Pimelodella avanhandavae,Freshwater
Lopholatilus villarii,Marine
Hemigrammus marginatus,Freshwater
Astrodoras asterifrons,Freshwater
Characidium alipioi,Freshwater
Hypostomus fonchii,Freshwater
Tetragonopterus chalceus,Freshwater
Opsanus beta,Marine
Calamus pennatula,Marine
Starksia multilepis,Marine
Eretmobrycon brevirostris,Unknown
Isbrueckerichthys duseni,Freshwater
Acanthistius pictus,Marine
Coptodon zillii,Freshwater
Diapoma tipiaia,Freshwater
Aphyocheirodon hemigrammus,Freshwater
Listrura picinguabae,Freshwater
Trichomycterus sp4,Unknown
Acanthurus tractus,Marine
Centropomus nigrescens,Marine and freshwater
Harttia garavelloi,Freshwater
Triportheus auritus,Freshwater
Pethia nigrofasciata,Freshwater
Moenkhausia gracilima,Freshwater
Hirundichthys oxycephalus,Marine
Brachyhypopomus janeiroensis,Freshwater
Mimagoniates lateralis,Freshwater
Aphyocharax anisitsi,Freshwater
Anostomus ternetzi,Freshwater
Pagrus pagrus,Marine
Hypophthalmus fimbriatus,Freshwater
Cyphocharax spiluropsis,Freshwater
Chasmocranus brachynemus,Freshwater
Sphyraena guachancho,Marine
Guyanancistrus teretirostris,Freshwater
Bryconamericus tolimae,Freshwater
Scomberomorus sierra,Marine
Plagioscion surinamensis,Freshwater
Corydoras weitzmani,Freshwater
Pseudotocinclus juquiae,Freshwater
Leporinus microphthalmus,Freshwater
Sternarchorhynchus oxyrhynchus,Freshwater
Gymnotus varzea,Freshwater
Hypsolebias janaubensis,Freshwater
Rhamdiopsis microcephala,Freshwater
Rhaphiodon vulpinus,Freshwater
Farlowella amazonum,Freshwater
Imparfinis piperatus,Freshwater
Pseudopimelodus charus,Freshwater
Lophiodes spilurus,Marine
Remora remora,Marine
Hisonotus notatus,Freshwater
Rhinodoras dorbignyi,Freshwater
Centropomus armatus,Marine
Trichogaster trichopterus,Freshwater
Pimelodus pictus,Freshwater
Epinephelus adscensionis,Marine
Aspidoras eurycephalus,Freshwater
Percophis brasiliensis,Marine
Leporellus vittatus,Freshwater
Boridia grossidens,Marine
Hyphessobrycon parvellus,Freshwater
Notarius grandicassis,Marine
Istiompax indica,Marine
Diapoma terofali,Freshwater
Astroblepus trifasciatus,Freshwater
Piabina anhembi,Freshwater
Cilus gilberti,Marine
Serranus flaviventris,Marine
Pterygoplichthys lituratus,Freshwater
Astyanax argyrimarginatus,Freshwater
Trachurus trachurus,Marine
Cyprinus carpio,Freshwater
Diapoma guarani,Freshwater
Haemulopsis leuciscus,Marine
Hemigrammus ocellifer,Freshwater
Hemibrycon rafaelense,Freshwater
Priolepis dawsoni,Marine
Acanthurus bahianus,Marine
Leporinus reinhardti,Freshwater
Sphyraena idiastes,Marine
Rhabdolichops troscheli,Freshwater
Caquetaia myersi,Freshwater
Acestrorhynchus falcirostris,Freshwater
Otocinclus xakriaba,Freshwater
Bujurquina mariae,Freshwater
Chilobrycon deuterodon,Freshwater
Bathygobius andrei,Marine
Epalzeorhynchos frenatum,Freshwater
Pellona harroweri,Marine
Hoplerythrinus unitaeniatus,Freshwater
Odontostilbe fugitiva,Freshwater
Trachelyopterus porosus,Freshwater
Cetopsis gobioides,Freshwater
Phalloceros enneaktinos,Freshwater
Doryrhamphus excisus,Marine
Gephyrocharax melanocheir,Freshwater
Myloplus schomburgkii,Freshwater
Psalidodon gymnodontus,Freshwater
Diodon liturosus,Marine
Cichlasoma bimaculatum,Freshwater
Hemipsilichthys gobio,Freshwater
Peristedion barbiger,Marine
Tometes makue,Freshwater
Umbrina coroides,Marine
Pareques perissa,Marine
Astyanax trierythropterus,Freshwater
Knodus victoriae,Freshwater
Adontosternarchus nebulosus,Freshwater
Tometes trilobatus,Freshwater
Astroblepus cyclopus,Freshwater
Cichlasoma portalegrense,Freshwater
Platydoras brachylecis,Freshwater
Hasemania nana,Freshwater
Fistularia tabacaria,Marine
Cichlasoma paranaense,Freshwater
Tetranematichthys wallacei,Freshwater
Bathylagoides wesethi,Marine
Oreochromis aureus,Freshwater
Strongylura timucu,Marine and freshwater
Citharichthys macrops,Marine
Anodus elongatus,Freshwater
Astroblepus latidens,Freshwater
Charax metae,Freshwater
Harttia carvalhoi,Freshwater
Apistogramma moae,Freshwater
Kyphosus incisor,Marine
Astyanax magdalenae,Freshwater
Fistularia petimba,Marine
Dialommus fuscus,Marine
Oligosarcus paranensis,Freshwater
Cyphocharax gillii,Freshwater
Haemulon squamipinna,Marine
Scorpaena wellingtoni,Marine
Corydoras habrosus,Freshwater
Mugil thoburni,Marine
Gephyrocharax chocoensis,Freshwater
Peckoltia oligospila,Freshwater
Upeneus parvus,Marine
Euthynnus alletteratus,Marine
Rineloricaria uracantha,Freshwater
Carlastyanax aurocaudatus,Freshwater
Cetopsis umbrosa,Freshwater
Trichomycterus sp3,Unknown
Oncorhynchus gilae,Freshwater
Corydoras schwartzi,Freshwater
Loricariichthys derbyi,Freshwater
Lepthoplosternum pectorale,Freshwater
Pterophyllum scalare,Freshwater
Haemulon album,Marine
Gymnotus ardilai,Freshwater
Planaltina britskii,Freshwater
Leporinus elongatus,Freshwater
Calophysus macropterus,Freshwater
Trichomycterus jacupiranga,Freshwater
Astyanax integer,Freshwater
Antennarius striatus,Marine
Oligosarcus varii,Freshwater
Chaetostoma milesi,Freshwater
Astyanax giton,Freshwater
Tatia jaracatia,Freshwater
Sternarchorhynchus mesensis,Freshwater
Hypostomus rhantos,Freshwater
Sternarchogiton nattereri,Freshwater
Orthopristis chalceus,Marine
Serrapinnus piaba,Freshwater
Gymnotus henni,Freshwater
Neoplecostomus corumba,Freshwater
Schizodon isognathus,Freshwater
Characidium chupa,Freshwater
Parodon suborbitalis,Freshwater
Hyphessobrycon ericae,Freshwater
Myxodagnus sagitta,Marine
Labrisomus philippii,Marine
Apogon maculatus,Marine
Pseudauchenipterus affinis,Freshwater
Hypostomus macushi,Freshwater
Peckoltia vittata,Freshwater
Hypopygus nijsseni,Freshwater
Alphestes immaculatus,Marine
Astyanax mexicanus,Freshwater
Pareiorhaphis scutula,Freshwater
Harttia novalimensis,Freshwater
Trichomycterus variegatus,Freshwater
Hemiramphus balao,Marine
Adontosternarchus sachsi,Freshwater
Astyanax petenensis,Freshwater
Oligosarcus planaltinae,Freshwater
Corydoras paleatus,Freshwater
Apistogramma allpahuayo,Freshwater
Cichla ocellaris,Freshwater
Knodus tiquiensis,Freshwater
Scomberomorus regalis,Marine
Bairdiella ronchus,Marine
Astyanax ruberrimus,Freshwater
Menticirrhus elongatus,Marine
Bryconamericus diaphanus,Freshwater
Megadontognathus kaitukaensis,Freshwater
Auchenipterus menezesi,Freshwater
Corydoras flaveolus,Freshwater
Neoplecostomus jaguari,Freshwater
Awaous tajasica,Freshwater
Creagrutus phasma,Freshwater
Pareiorhaphis splendens,Freshwater
Platynematichthys notatus,Freshwater
Rhamdia cinerascens,Freshwater
Pogonias cromis,Marine
Panaqolus albomaculatus,Freshwater
Creagrutus peruanus,Freshwater
Diplectrum conceptione,Marine
Brachyhypopomus draco,Freshwater
Curimata macrops,Freshwater
Hisonotus nigricauda,Freshwater
Pseudopimelodus mangurus,Freshwater
Tometes siderocarajensis,Freshwater
Pterengraulis atherinoides,Freshwater
Diplectrum euryplectrum,Marine
Sebastes rubrivinctus,Marine
Trichomycterus mimonha,Freshwater
Gasteropelecus sternicla,Freshwater
Hypostomus iheringii,Freshwater
Hemiodus amazonum,Freshwater
Tetrapturus pfluegeri,Marine
Thayeria boehlkei,Freshwater
Apistogramma paucisquamis,Freshwater
Zalieutes elater,Marine
Cynopoecilus notabilis,Freshwater
Heterochromis multidens,Freshwater
Achirus declivis,Marine
Hypostomus brevis,Freshwater
Probolodus heterostomus,Freshwater
Holacanthus clarionensis,Marine
Naucrates ductor,Marine
Hyphessobrycon agulha,Freshwater
Schindleria praematura,Marine
Curimata cyprinoides,Freshwater
Curimata vittata,Freshwater
Hypostomus faveolus,Freshwater
Corydoras kanei,Freshwater
Characidium timbuiense,Freshwater
Ancistrus brevipinnis,Freshwater
Thunnus atlanticus,Marine
Characidium lauroi,Freshwater
Caulolatilus princeps,Marine
Cyanocharax alburnus,Freshwater
Hypostomus mutucae,Freshwater
Epapterus dispilurus,Freshwater
Calamus penna,Marine
Megaleporinus garmani,Freshwater
Hypopomus artedi,Freshwater
Hemibrycon loisae,Unknown
Hypostomus luteus,Freshwater
Megalops atlanticus,Marine and freshwater
Hyphessobrycon herbertaxelrodi,Freshwater
Gymnotus coropinae,Freshwater
Melanorivulus pictus,Freshwater
Hydrolycus scomberoides,Freshwater
Eretmobrycon scleroparius,Unknown
Characidium lagosantense,Freshwater
Parotocinclus doceanus,Freshwater
Adontosternarchus balaenops,Freshwater
Pseudopercis semifasciata,Marine
Compsura heterura,Freshwater
Pterygoplichthys pardalis,Freshwater
Trachelyopterus lucenai,Freshwater
Cetopsis coecutiens,Freshwater
Merluccius hubbsi,Marine
Loricaria cataphracta,Freshwater
Euthynnus lineatus,Marine
Acanthicus adonis,Freshwater
Trachinotus falcatus,Marine
Deuterodon parahybae,Freshwater
Trinectes paulistanus,Marine and freshwater
Pareiorhaphis steindachneri,Freshwater
Hyporthodus acanthistius,Marine
Gymnotus arapaima,Freshwater
Loricariichthys brunneus,Freshwater
Hypoclinemus mentalis,Freshwater
Grammonus diagrammus,Marine
Diapoma pyrrhopteryx,Freshwater
Metynnis altidorsalis,Freshwater
Labrisomus cricota,Marine
Schedophilus haedrichi,Marine
Stephanolepis diaspros,Marine
Hypostomus nigrolineatus,Unknown
Gerres simillimus,Marine
Farlowella smithi,Freshwater
Konia dikume,Freshwater
Moenkhausia simulata,Freshwater
Curimatella immaculata,Freshwater
Mulloidichthys vanicolensis,Marine
Diogenichthys laternatus,Marine
Megaleporinus brinco,Freshwater
Hyphessobrycon robustulus,Freshwater
Microglanis parahybae,Freshwater
Myaka myaka,Freshwater
Hemibrycon quindos,Freshwater
Hypoptopoma gulare,Freshwater
Anisotremus davidsonii,Marine
Scorpaena isthmensis,Marine
Pimelodina flavipinnis,Freshwater
Semaprochilodus taeniurus,Freshwater
Characidium lanei,Freshwater
Pomacanthus arcuatus,Marine
Paralonchurus dumerilii,Marine
Peckoltia vermiculata,Freshwater
Fistularia commersonii,Marine
Pareiorhina carrancas,Freshwater
Plagioscion ternetzi,Freshwater
Chaenomugil proboscideus,Marine
Pyrrhulina spilota,Freshwater
Corydoras davidsandsi,Freshwater
Trichomycterus sp6,Unknown
Thalassoma duperrey,Marine
Apistogramma arua,Freshwater
Holacanthus ciliaris,Marine
Mulloidichthys dentatus,Marine
Astyanax brachypterygium,Freshwater
Elops saurus,Marine
Apareiodon vittatus,Freshwater
Gymnachirus nudus,Marine
Hyphessobrycon pulchripinnis,Freshwater
Elagatis bipinnulata,Marine
Astyanax anterior,Freshwater
Rineloricaria lanceolata,Freshwater
Abudefduf troschelii,Marine
Hypostomus hondae,Freshwater
Steindachnerina corumbae,Freshwater
Mesoheros atromaculatus,Freshwater
Trichomycterus jequitinhonhae,Freshwater
Ophioblennius steindachneri,Marine
Microlepidotus inornatus,Marine
Orthospinus franciscensis,Freshwater
Rhamphichthys heleios,Freshwater
Gobioides broussonnetii,Marine and freshwater
Brachyhypopomus hendersoni,Freshwater
Rhinelepis aspera,Freshwater
Citharichthys platophrys,Marine
Umbrina galapagorum,Marine
Bryconamericus huilae,Freshwater
Neoplecostomus botucatu,Freshwater
Diapoma lepiclastus,Freshwater
Australoheros charrua,Freshwater
Hemiodus microlepis,Freshwater
Hemipsilichthys nimius,Freshwater
Alphestes afer,Marine
Bryconamericus microcephalus,Freshwater
Moenkhausia forestii,Freshwater
Hypostomus goyazensis,Freshwater
Crenicichla haroldoi,Freshwater
Trachelyopterus albicrux,Freshwater
Anchoa nasus,Marine
Trichomycterus auroguttatus,Freshwater
Ancistrus centrolepis,Freshwater
Platydoras hancockii,Freshwater
Stegastes flavilatus,Marine
Pterygoplichthys undecimalis,Freshwater
Psalidodon eigenmanniorum,Freshwater
Hemigrammus guyanensis,Freshwater
Astyanax atratoensis,Freshwater
Loricaria lentiginosa,Freshwater
Parodon apolinari,Freshwater
Rhabdolichops lundbergi,Freshwater
Corydoras panda,Freshwater
Scartella itajobi,Marine
Rhamphichthys rostratus,Freshwater
Loricaria simillima,Freshwater
Malacoctenus tetranemus,Marine
Triportheus angulatus,Freshwater
Cyphocharax microcephalus,Freshwater
Trachurus lathami,Marine
Batrochoglanis villosus,Freshwater
Crenicichla percna,Freshwater
Eretmobrycon bayano,Freshwater
Cyphocharax santacatarinae,Freshwater
Chaetobranchus flavescens,Freshwater
Myloplus arnoldi,Freshwater
Neoplecostomus espiritosantensis,Freshwater
Acaronia nassa,Freshwater
Trachurus mediterraneus,Marine
Hemiodontichthys acipenserinus,Freshwater
Brachyhypopomus flavipomus,Freshwater
Hypostomus interruptus,Freshwater
Gymnotus cuia,Freshwater
Deuterodon singularis,Freshwater
Pseudoloricaria laeviuscula,Freshwater
Ancistomus snethlageae,Freshwater
Gymnotus coatesi,Freshwater
Poecilia velifera,Freshwater
Lutjanus alexandrei,Marine
Centropomus unionensis,Marine
Scorpaenodes xyris,Marine
Salmo salar,Marine and freshwater
Ancistrus multispinis,Freshwater
Scomberomorus cavalla,Marine
Tympanopleura cryptica,Freshwater
Hyphessobrycon anisitsi,Freshwater
Steindachnerina argentea,Freshwater
Goeldiella eques,Freshwater
Cyprinus carpio,Freshwater
Pachyurus junki,Freshwater
Caranx melampygus,Marine
Umbrina xanti,Marine
Trichomycterus ruitoquensis,Freshwater
Sternarchorhynchus mareikeae,Freshwater
Rhabdolichops electrogrammus,Freshwater
Characidium xanthopterum,Freshwater
Cetopsorhamdia shermani,Freshwater
Laimosemion strigatus,Freshwater
Prochilodus harttii,Freshwater
Brachyhypopomus brevirostris,Freshwater
Oligosarcus longirostris,Freshwater
Guentherus altivela,Marine
Anodus orinocensis,Freshwater
Duringlanis romani,Freshwater
Leporacanthicus triactis,Freshwater
Diapoma alburnus,Freshwater
Hypostomus oculeus,Freshwater
Synodus foetens,Marine
Hemanthias peruanus,Marine
Hypostomus coppenamensis,Freshwater
Hypsolebias flagellatus,Freshwater
Engyophrys sanctilaurentii,Marine
Lutjanus cyanopterus,Marine
Hypopygus benoneae,Freshwater
Harttia torrenticola,Freshwater
Corumbataia lucianoi,Unknown
Rineloricaria lima,Freshwater
Hemibrycon cristiani,Unknown
Sturisoma nigrirostrum,Freshwater
Tatia musaica,Freshwater
Sarotherodon galilaeus,Freshwater
Isbrueckerichthys calvus,Freshwater
Odontostilbe paraguayensis,Freshwater
Lycengraulis batesii,Freshwater
Pygocentrus cariba,Freshwater
Anablepsoides xinguensis,Freshwater
Corydoras virginiae,Freshwater
Microlepidotus brevipinnis,Marine
Bryconamericus alpha,Freshwater
Kolpotocheirodon theloura,Freshwater
Dormitator latifrons,Marine and freshwater
Antennarius multiocellatus,Marine
Leporinus boehlkei,Freshwater
Astyanax fasciatus,Freshwater
Crenicichla anthurus,Freshwater
Apistogramma trifasciata,Freshwater
Sphoeroides lobatus,Marine
Bryconamericus rubropictus,Freshwater
Parodon hilarii,Freshwater
Creagrutus atratus,Freshwater
Pseudupeneus grandisquamis,Marine
Cynoscion albus,Marine
Schultzichthys bondi,Freshwater
Eleotris amblyopsis,Marine and freshwater
Bryconamericus arilepis,Freshwater
Pseudostegophilus maculatus,Unknown
Astyanax goyanensis,Freshwater
Astyanax guaporensis,Freshwater
Amazonsprattus scintilla,Freshwater
Cteniloricaria platystoma,Freshwater
Crenicichla jegui,Freshwater
Oligosarcus oligolepis,Freshwater
Ctenolucius hujeta,Freshwater
Taunayia bifasciata,Freshwater
Soleonasus finis,Freshwater
Sternopygus branco,Freshwater
Rhabdolichops caviceps,Freshwater
Glanidium melanopterum,Freshwater
Chaenopsis celeste,Unknown
Hypostomus robinii,Freshwater
Rypticus bicolor,Marine
Pterygoplichthys ambrosettii,Freshwater
Genyatremus dovii,Marine
Parachromis loisellei,Freshwater
Paragoniates alburnus,Freshwater
Mylossoma albiscopum,Freshwater
Schizodon jacuiensis,Freshwater
Trichomycterus davisi,Freshwater
Labeo calbasu,Freshwater
Hypsoblennius brevipinnis,Marine
Kyphosus sectatrix,Marine
Panaqolus changae,Freshwater
Scoloplax distolothrix,Freshwater
Characidium vidali,Freshwater
Halichoeres brasiliensis,Marine
Bodianus rufus,Marine
Sternopygus dariensis,Freshwater
Kronoheros umbrifer,Freshwater
Astyanax xiru,Freshwater
Doras micropoeus,Freshwater
Auchenipterichthys punctatus,Freshwater
Astroblepus itae,Freshwater
Guavina guavina,Marine and freshwater
Gymnotus javari,Freshwater
Peckoltia cavatica,Freshwater
Lampris guttatus,Marine
Trichomycterus rosablanca,Freshwater
Pterois lunulata,Marine
Diplectrum rostrum,Marine
Dactyloscopus foraminosus,Marine
Astyanax mutator,Freshwater
Phalloceros tupinamba,Freshwater
Coryphopterus thrix,Marine
Gymnothorax funebris,Marine
Trichomycterus pauciradiatus,Freshwater
Hypostomus borellii,Freshwater
Symphurus tessellatus,Marine
Distocyclus conirostris,Freshwater
Cheirodon jaguaribensis,Freshwater
Corydoras fowleri,Freshwater
Oligosarcus perdido,Freshwater
Crenicichla alta,Freshwater
Isbrueckerichthys alipionis,Freshwater
Odontesthes hatcheri,Freshwater
Gymnotus tiquie,Freshwater
Cyprinus megalophthalmus,Freshwater
Dasyloricaria filamentosa,Freshwater
Sternarchella calhamazon,Freshwater
Cyprinus carpio,Freshwater
Brotula ordwayi,Marine
Brycon dentex,Freshwater
Kyphosus bigibbus,Marine
Hypostomus ternetzi,Freshwater
Ctenopharyngodon idella,Freshwater
Hypostomus basilisko,Freshwater
Panaque bathyphilus,Freshwater
Trichomycterus longibarbatus,Freshwater
Oreochromis mossambicus,Freshwater
Crenimugil crenilabis,Marine
Laemolyta taeniata,Freshwater
Plectorhinchus macrolepis,Marine
Apteronotus rostratus,Freshwater
Characidium tatama,Unknown
Dolichancistrus fuesslii,Freshwater
Holacanthus passer,Marine
Hyphessobrycon igneus,Freshwater
Hippoglossina tetrophthalma,Marine
Campellolebias brucei,Freshwater
Chaetostoma formosae,Freshwater
Calamus brachysomus,Marine
Parotocinclus britskii,Freshwater
Creagrutus ignotus,Freshwater
Diapoma thauma,Freshwater
Corydoras garbei,Freshwater
Pimelodus fur,Freshwater
Knodus chapadae,Freshwater
Hypostomus paucipunctatus,Freshwater
Acnodon normani,Freshwater
Cryptancistrus similis,Freshwater
Gymnotus ucamara,Freshwater
Gymnotus chimarrao,Freshwater
Leporinus conirostris,Freshwater
Phenacogaster franciscoensis,Freshwater
Pomadasys branickii,Marine
Lythrypnus nesiotes,Marine
Brachyhypopomus gauderio,Freshwater
Betta splendens,Freshwater
Thalassophryne nattereri,Marine
Characidium boavistae,Freshwater
Balistes polylepis,Marine
Brachyhypopomus hamiltoni,Freshwater
Parachromis motaguensis,Freshwater
Astroblepus grixalvii,Freshwater
Sternopygus obtusirostris,Freshwater
Cetopsis candiru,Freshwater
Fodiator acutus,Marine
Trichomycterus candidus,Freshwater
Hyphessobrycon nigricinctus,Freshwater
Trichomycterus paolence,Freshwater
Sebastes nigrocinctus,Marine
Pareiorhaphis garbei,Freshwater
Porotergus duende,Freshwater
Platysilurus mucosus,Freshwater
Trachinotus stilbe,Marine
Rhamphichthys drepanium,Freshwater
Boulengerella maculata,Freshwater
Gymnotus tigre,Freshwater
Oreochromis niloticus,Freshwater
Leporacanthicus galaxias,Freshwater
Hypomasticus thayeri,Freshwater
Astyanax janeiroensis,Freshwater
Gymnothorax panamensis,Marine
Trichomycterus goeldii,Freshwater
Knodus orteguasae,Freshwater
Myripristis jacobus,Marine
Pseudorinelepis genibarbis,Freshwater
Sternarchorhynchus starksi,Freshwater
Eucinostomus currani,Marine and freshwater
Epinephelus analogus,Marine
Leiarius pictus,Freshwater
Astrapogon puncticulatus,Marine
Stethojulis bandanensis,Marine
Odontostilbe microcephala,Freshwater
Sternarchorhynchus cramptoni,Freshwater
Hypostomus paucimaculatus,Freshwater
Loricariichthys rostratus,Freshwater
Triphoturus oculeum,Marine
Synodus bondi,Marine
Cyphocharax gouldingi,Freshwater
Stomatepia pindu,Freshwater
Steindachnerina guentheri,Freshwater
Symphysodon discus,Freshwater
Stegastes sanctipauli,Marine
Triportheus guentheri,Freshwater
Polydactylus approximans,Marine
Myloplus levis,Freshwater
Carangoides praeustus,Marine
Parancistrus nudiventris,Freshwater
Pareiorhaphis cameroni,Freshwater
Hypostomus niceforoi,Freshwater
Harttia punctata,Freshwater
Mullus argentinae,Marine
Isbrueckerichthys epakmos,Freshwater
Pseudepapterus cucuhyensis,Freshwater
Astyanax varzeae,Freshwater
Archolaemus janeae,Freshwater
Sorubim elongatus,Freshwater
Psectrogaster essequibensis,Freshwater
Deuterodon stigmaturus,Freshwater
Plagioscion magdalenae,Freshwater
Ancistrus bufonius,Freshwater
Gymnotus bahianus,Freshwater
Leiarius marmoratus,Freshwater
Halichoeres nicholsi,Marine
Hypsolebias hellneri,Freshwater
Astyanax altior,Freshwater
Myctophum aurolaternatum,Marine
Sternarchella terminalis,Freshwater
Eucinostomus dowii,Marine
Astyanax elachylepis,Freshwater
Astyanax bagual,Freshwater
Spatuloricaria caquetae,Freshwater
Gymnorhamphichthys hypostomus,Freshwater
Bryconamericus maromba,Unknown
Orthopristis cantharinus,Marine
Hemiancistrus fuliginosus,Freshwater
Australoheros sanguineus,Freshwater
Fistularia corneta,Marine
Thalassoma grammaticum,Marine
Schizodon platae,Freshwater
Gymnotus chaviro,Freshwater
Hassar gabiru,Freshwater
Cynoscion stolzmanni,Marine
Orthopristis forbesi,Marine
Ctenopharyngodon idella,Freshwater
Bryconamericus patriciae,Freshwater
Hypancistrus debilittera,Freshwater
Sphoeroides lispus,Marine
Micromyzon akamai,Freshwater
Brachyhypopomus regani,Freshwater
Plagiotremus azaleus,Marine
Ancistrus cirrhosus,Freshwater
Gymnogeophagus labiatus,Freshwater
Imparfinis pseudonemacheir,Freshwater
Cypselurus starksi,Marine
Scorpaena mystes,Marine
Farlowella vittata,Freshwater
Eigenmannia limbata,Freshwater
Stellifer microps,Marine
Pareques lanfeari,Marine
Odontoscion xanthops,Marine
Nannostomus marginatus,Freshwater
Hoplias auri,Unknown
Acanthemblemaria castroi,Marine
Parachromis friedrichsthalii,Freshwater
Nematolebias whitei,Freshwater
Polycentrus schomburgkii,Freshwater
Caranx caninus,Marine
Hypostomus isbrueckeri,Freshwater
Stephanolepis hispidus,Marine
Diapoma dicropotamicus,Freshwater
Caenotropus labyrinthicus,Freshwater
Rineloricaria jaraguensis,Freshwater
Trachycorystes trachycorystes,Freshwater
Corumbataia liliai,Unknown
Serrapinnus sp2,Unknown
Farlowella rugosa,Freshwater
Hemigrammus hyanuary,Freshwater
Ancistrus triradiatus,Freshwater
Lampiella gibbosa,Freshwater
Hyporthodus mystacinus,Marine
Chaetobranchus semifasciatus,Freshwater
Hemibrycon fasciatus,Freshwater
Cynoscion praedatorius,Marine
Pseudacanthicus leopardus,Freshwater
Gymnotus curupira,Freshwater
Cheilotrema fasciatum,Marine
Brachyhypopomus bennetti,Freshwater
Microspathodon dorsalis,Marine
Peckoltia braueri,Freshwater
Scarus zelindae,Marine
Parotocinclus robustus,Freshwater
Otocinclus vittatus,Freshwater
Bryconops caudomaculatus,Freshwater
Corydoras pygmaeus,Freshwater
Apistogramma playayacu,Freshwater
Hypostomus luteomaculatus,Freshwater
Brachyhypopomus sullivani,Freshwater
Regalecus glesne,Marine
Garra variabilis,Freshwater
Gymnotus esmeraldas,Freshwater
Cichlasoma dimerus,Freshwater
Pterygoplichthys gibbiceps,Freshwater
Sturisomatichthys leightoni,Freshwater
Cetopsidium soniae,Freshwater
Loricariichthys acutus,Freshwater
Hoplarchus psittacus,Freshwater
Stegastes arcifrons,Marine
Desmodema polystictum,Marine
Hypostomus hemiurus,Freshwater
Hypostomus kopeyaka,Freshwater
Steatogenys ocellatus,Freshwater
Merluccius angustimanus,Marine
Stegastes rectifraenum,Marine
Centromochlus schultzi,Freshwater
Sternarchorhynchus hagedornae,Freshwater
Hypostomus soniae,Freshwater
Gasteropelecus maculatus,Freshwater
Sternarchella schotti,Freshwater
Astroblepus homodon,Freshwater
Leporinus brunneus,Freshwater
Cheilopogon spilopterus,Marine
Hisonotus taimensis,Freshwater
Hypostomus aspilogaster,Freshwater
Pachyurus adspersus,Freshwater
Symbolophorus reversus,Marine
Hypostomus laplatae,Freshwater
Astyanax obscurus,Freshwater
Hypostomus spiniger,Freshwater
Petitella georgiae,Freshwater
Argopleura chocoensis,Freshwater
Hygophum atratum,Marine
Auchenionchus microcirrhis,Marine
Nantis indefessus,Freshwater
Bryconamericus uporas,Freshwater
Stephanolepis auratus,Marine
Trachipterus jacksonensis,Marine
Lactophrys trigonus,Marine
Cypselurus hiraii,Marine
Apteronotus cuchillejo,Freshwater
Pseudopimelodus pulcher,Freshwater
Ophichthus gomesii,Marine
Ituglanis amazonicus,Freshwater
Pareiorhaphis ruschii,Freshwater
Astyanax pelecus,Freshwater
Orthopristis chrysoptera,Marine
Serrapinnus calliurus,Freshwater
Satanoperca lilith,Freshwater
Trichomycterus zonatus,Freshwater
Hypancistrus zebra,Freshwater
Amphiarius rugispinis,Marine
Grundulus bogotensis,Freshwater
Brachyhypopomus jureiae,Freshwater
Bryconamericus emperador,Freshwater
Citharichthys darwini,Marine
Hypoptopoma incognitum,Freshwater
Baryancistrus xanthellus,Freshwater
Epinephelus cifuentesi,Marine
Bryconamericus ichoensis,Freshwater
Bellator gymnostethus,Marine
Xyrichtys victori,Marine
Archolaemus luciae,Freshwater
Canthidermis macrolepis,Marine
Corydoras hastatus,Freshwater
Hemigrammus stictus,Freshwater
Characidium serrano,Freshwater
Hypophthalmus marginatus,Freshwater
Dicrossus filamentosus,Freshwater
Thalassoma lucasanum,Marine
Rhabdolichops eastwardi,Freshwater
Parotocinclus prata,Freshwater
Tatia nigra,Freshwater
Procypris mera,Freshwater
Cyprinus acutidorsalis,Freshwater
Hyphessobrycon otrynus,Freshwater
